"Tissue","Project","Sample","Num_cells","cohort"
"Bladder","GSE201333","TSP1_Bladder",4679,"Tabula"
"Bladder","GSE201333","TSP2_Bladder",5709,"Tabula"
"Bladder","GSE201333","TSP14_Bladder",815,"Tabula"
"Bowel","GSE201333","TSP1_Bladder",4679,"Tabula"
"Bowel","GSE201333","TSP14_Bladder",815,"Tabula"
"Bowel","GSE201333","TSP2_Bladder",5709,"Tabula"
"Breast","GSE201333","TSP4_Mammary",2815,"Tabula"
"Head_and_Neck","GSE201333","TSP14_Tongue",494,"Tabula"
"Head_and_Neck","GSE201333","TSP7_Tongue",1609,"Tabula"
"Kidney","GSE201333","TSP2_Kidney",1215,"Tabula"
"Liver","GSE201333","TSP14_Liver",272,"Tabula"
"Liver","GSE201333","TSP6_Liver",2371,"Tabula"
"Lung","GSE201333","TSP1_Lung",10332,"Tabula"
"Lung","GSE201333","TSP14_Lung",381,"Tabula"
"Lung","GSE201333","TSP2_Lung",7045,"Tabula"
"Pancreas","GSE201333","TSP1_Pancreas",284,"Tabula"
"Pancreas","GSE201333","TSP9_Pancreas",2458,"Tabula"
"Prostate","GSE201333","TSP14_Prostate",1010,"Tabula"
"Prostate","GSE201333","TSP8_Prostate",1913,"Tabula"
"Skin","GSE201333","TSP10_Skin",3170,"Tabula"
"Skin","GSE201333","TSP14_Skin",1372,"Tabula"
"Uterus","GSE201333","TSP4_Uterus",970,"Tabula"
"Bowel","GSE134355","Donor24_AdultAscendingColon",1300,"HCL"
"Bowel","GSE134355","Donor24_AdultEpityphlon",3580,"HCL"
"Bowel","GSE134355","Donor24_AdultRectum",1465,"HCL"
"Bowel","GSE134355","Donor24_AdultSigmoidColon",709,"HCL"
"Bowel","GSE134355","Donor25_AdultDuodenum",955,"HCL"
"Bowel","GSE134355","Donor34_AdultIleum",698,"HCL"
"Bowel","GSE134355","Donor35_AdultJeJunum",1322,"HCL"
"Bowel","GSE134355","Donor49_AdultTransverseColon",874,"HCL"
"Bowel","GSE134355","Donor55_AdultTransverseColon",3587,"HCL"
"Esophagus","GSE134355","Donor32_AdultEsophagus",1925,"HCL"
"Kidney","GSE134355","Donor34_AdultKidney",1305,"HCL"
"Kidney","GSE134355","Donor36_AdultKidney",908,"HCL"
"Kidney","GSE134355","Donor37_AdultKidney",288,"HCL"
"Liver","GSE134355","Donor38_AdultLiver",991,"HCL"
"Liver","GSE134355","Donor39_AdultLiver",2048,"HCL"
"Liver","GSE134355","Donor40_AdultLiver",3240,"HCL"
"Lung","GSE134355","Donor38_AdultLung",1419,"HCL"
"Lung","GSE134355","Donor41_AdultLung",1499,"HCL"
"Lung","GSE134355","Donor42_AdultLung",7029,"HCL"
"Pancreas","GSE134355","Donor44_AdultPancreas",155,"HCL"
"Pleura","GSE134355","Donor23_AdultPleura",1882,"HCL"
"Prostate","GSE134355","Donor31_AdultProstate",144,"HCL"
"Stomach","GSE134355","Donor31_AdultStomach",165,"HCL"
"Stomach","GSE134355","Donor50_AdultStomach",547,"HCL"
"Stomach","GSE134355","Donor51_AdultStomach",464,"HCL"
"Thyroid","GSE134355","Donor53_AdultThyroid",278,"HCL"
"Thyroid","GSE134355","Donor54_AdultThyroid",4046,"HCL"
"Uterus","GSE134355","Donor30_AdultCervix",174,"HCL"
"Uterus","GSE134355","Donor30_AdultUterus",114,"HCL"
"Bladder","GSE159929","GSM4850577",2909,"DISCO"
"Bladder","PRJNA662018","SRX9087497",1775,"DISCO"
"Bladder","PRJNA662018","SRX9087504",2816,"DISCO"
"Bladder","PRJNA662018","SRX9087505",2517,"DISCO"
"Breast","E-MTAB-10855","ERX6124285",547,"DISCO"
"Breast","E-MTAB-10855","ERX6124286",218,"DISCO"
"Breast","E-MTAB-10855","ERX6124287",1006,"DISCO"
"Breast","E-MTAB-10885","ERX6174476",258,"DISCO"
"Breast","E-MTAB-10885","ERX6174477",274,"DISCO"
"Breast","E-MTAB-10885","ERX6174478",235,"DISCO"
"Breast","E-MTAB-9841","ERX4770806",212,"DISCO"
"Breast","E-MTAB-9841","ERX4770807",274,"DISCO"
"Breast","E-MTAB-9841","ERX4770808",488,"DISCO"
"Breast","E-MTAB-9841","ERX4770809",214,"DISCO"
"Breast","GSE195861","GSM5852274",132,"DISCO"
"Bowel","E-MTAB-8007","ERX3382888",2536,"DISCO"
"Bowel","E-MTAB-8007","ERX3382889",3031,"DISCO"
"Bowel","E-MTAB-8007","ERX3382892",853,"DISCO"
"Bowel","E-MTAB-8007","ERX3382893",2467,"DISCO"
"Bowel","E-MTAB-8007","ERX3382894",1213,"DISCO"
"Bowel","E-MTAB-8007","ERX3382895",2490,"DISCO"
"Bowel","E-MTAB-8007","ERX3382896",1521,"DISCO"
"Bowel","E-MTAB-8007","ERX3382897",2047,"DISCO"
"Bowel","E-MTAB-8007","ERX3382900",361,"DISCO"
"Bowel","E-MTAB-8007","ERX3382901",1230,"DISCO"
"Bowel","E-MTAB-8007","ERX3382902",1322,"DISCO"
"Bowel","E-MTAB-8007","ERX3382903",2426,"DISCO"
"Bowel","E-MTAB-8007","ERX3382905",1443,"DISCO"
"Bowel","E-MTAB-8007","ERX3382909",855,"DISCO"
"Bowel","E-MTAB-8007","ERX3382910",68,"DISCO"
"Bowel","E-MTAB-8007","ERX3382911",2017,"DISCO"
"Bowel","E-MTAB-8474","ERX3620258",197,"DISCO"
"Bowel","E-MTAB-8474","ERX3620259",691,"DISCO"
"Bowel","E-MTAB-8474","ERX3620260",504,"DISCO"
"Bowel","E-MTAB-8474","ERX3620261",250,"DISCO"
"Bowel","E-MTAB-8474","ERX3620262",225,"DISCO"
"Bowel","E-MTAB-8474","ERX3620263",101,"DISCO"
"Bowel","E-MTAB-8901","ERX4012101",904,"DISCO"
"Bowel","E-MTAB-8901","ERX4012102",4735,"DISCO"
"Bowel","E-MTAB-8901","ERX4012103",2287,"DISCO"
"Bowel","E-MTAB-8901","ERX4012104",103,"DISCO"
"Bowel","E-MTAB-8901","ERX4012105",1414,"DISCO"
"Bowel","E-MTAB-8901","ERX4012106",1063,"DISCO"
"Bowel","E-MTAB-8901","ERX4012107",1494,"DISCO"
"Bowel","E-MTAB-8901","ERX4012108",938,"DISCO"
"Bowel","GSE116222","GSM3214203",122,"DISCO"
"Bowel","GSE116222","GSM3214206",168,"DISCO"
"Bowel","GSE116222","GSM3214209",94,"DISCO"
"Bowel","GSE125527","GSM3576396",286,"DISCO"
"Bowel","GSE125527","GSM3576397",1833,"DISCO"
"Bowel","GSE125527","GSM3576398",6379,"DISCO"
"Bowel","GSE125527","GSM3576406",908,"DISCO"
"Bowel","GSE125527","GSM3576407",760,"DISCO"
"Bowel","GSE125527","GSM3576408",9242,"DISCO"
"Bowel","GSE125527","GSM3576409",2448,"DISCO"
"Bowel","GSE125527","GSM3576410",9813,"DISCO"
"Bowel","GSE125527","GSM3576426",468,"DISCO"
"Bowel","GSE125527","GSM3576427",773,"DISCO"
"Bowel","GSE125527","GSM3576428",9067,"DISCO"
"Bowel","GSE125527","GSM3576429",8827,"DISCO"
"Bowel","GSE125527","GSM3576430",9757,"DISCO"
"Bowel","GSE125527","GSM3576431",1027,"DISCO"
"Bowel","GSE148837","GSM4483692",909,"DISCO"
"Bowel","GSE148837","GSM4483693",1550,"DISCO"
"Bowel","GSE148837","GSM4483694",1756,"DISCO"
"Bowel","GSE157477","GSM4766839",6568,"DISCO"
"Bowel","GSE157477","GSM4766840",3776,"DISCO"
"Bowel","GSE157477","GSM4766845",6015,"DISCO"
"Bowel","GSE157477","GSM4766846",4875,"DISCO"
"Bowel","GSE159929","GSM4850586",2680,"DISCO"
"Bowel","GSE159929","GSM4850588",899,"DISCO"
"Bowel","GSE176499","GSM5366688",1018,"DISCO"
"Bowel","GSE176499","GSM5366689",345,"DISCO"
"Bowel","GSE176499","GSM5366690",2345,"DISCO"
"Bowel","GSE176499","GSM5366691",1851,"DISCO"
"Bowel","GSE214695","GSM6614348",1137,"DISCO"
"Bowel","GSE214695","GSM6614349",1602,"DISCO"
"Bowel","GSE214695","GSM6614350",1235,"DISCO"
"Bowel","GSE214695","GSM6614351",532,"DISCO"
"Bowel","GSE214695","GSM6614352",1435,"DISCO"
"Bowel","GSE214695","GSM6614353",550,"DISCO"
"Bowel","GSE224679","GSM7029397",1729,"DISCO"
"Bowel","GSE231993","GSM7307102",2992,"DISCO"
"Bowel","GSE231993","GSM7307103",1931,"DISCO"
"Bowel","GSE231993","GSM7307104",1927,"DISCO"
"Bowel","GSE231993","GSM7307105",2246,"DISCO"
"Bowel","GSE239293","GSM7662896",235,"DISCO"
"Bowel","GSE239293","GSM7662897",915,"DISCO"
"Bowel","GSE239293","GSM7662899",923,"DISCO"
"Bowel","GSE239293","GSM7662900",157,"DISCO"
"Bowel","GSE239293","GSM7662902",213,"DISCO"
"Bowel","GSE239293","GSM7662905",5056,"DISCO"
"Bowel","GSE239293","GSM7662906",6245,"DISCO"
"Bowel","GSE244031","GSM7805176",5657,"DISCO"
"Bowel","GSE244031","GSM7805177",5540,"DISCO"
"Bowel","GSE244031","GSM7805178",5342,"DISCO"
"Bowel","GSE244031","GSM7805179",5168,"DISCO"
"Bowel","GSE244031","GSM7805180",14083,"DISCO"
"Liver","GSE115469","GSM3178782",445,"DISCO"
"Liver","GSE115469","GSM3178783",288,"DISCO"
"Liver","GSE115469","GSM3178786",273,"DISCO"
"Liver","GSE125188","GSM3564836",4708,"DISCO"
"Liver","GSE125188","GSM3564839",8073,"DISCO"
"Liver","GSE125188","GSM3564842",5929,"DISCO"
"Liver","GSE136103","GSM4041150",1361,"DISCO"
"Liver","GSE136103","GSM4041151",313,"DISCO"
"Liver","GSE136103","GSM4041153",2679,"DISCO"
"Liver","GSE136103","GSM4041154",1429,"DISCO"
"Liver","GSE136103","GSM4041155",2929,"DISCO"
"Liver","GSE136103","GSM4041156",962,"DISCO"
"Liver","GSE136103","GSM4041157",547,"DISCO"
"Liver","GSE136103","GSM4041158",3647,"DISCO"
"Liver","GSE136103","GSM4041159",2417,"DISCO"
"Liver","GSE136103","GSM4041160",3607,"DISCO"
"Liver","GSE155481","GSM4705020",563,"DISCO"
"Liver","GSE159929","GSM4850582",2042,"DISCO"
"Liver","GSE162616","GSM4955422",1419,"DISCO"
"Liver","GSE162616","GSM4955423",1335,"DISCO"
"Liver","GSE162616","GSM4955424",404,"DISCO"
"Liver","GSE171539","GSM5226813",4081,"DISCO"
"Liver","GSE171539","GSM5226814",3883,"DISCO"
"Liver","GSE171539","GSM5226815",2541,"DISCO"
"Liver","GSE192742","GSM5764338",9912,"DISCO"
"Liver","GSE192742","GSM5764341",9959,"DISCO"
"Liver","GSE192742","GSM5764344",9122,"DISCO"
"Liver","GSE192742","GSM5764346",10907,"DISCO"
"Liver","GSE192742","GSM5764349",87,"DISCO"
"Liver","GSE192742","GSM5764351",2845,"DISCO"
"Liver","GSE192742","GSM5764354",2556,"DISCO"
"Liver","GSE192742","GSM5764356",5101,"DISCO"
"Liver","GSE192742","GSM5764358",443,"DISCO"
"Liver","GSE192742","GSM5764361",426,"DISCO"
"Liver","GSE192742","GSM5764363",7854,"DISCO"
"Liver","GSE192742","GSM5764366",5454,"DISCO"
"Liver","GSE192742","GSM5764368",10528,"DISCO"
"Liver","GSE192742","GSM5764370",11014,"DISCO"
"Liver","GSE192742","GSM5764373",6181,"DISCO"
"Liver","GSE192742","GSM5764375",1742,"DISCO"
"Liver","GSE192742","GSM5764377",743,"DISCO"
"Liver","GSE192742","GSM5764380",11433,"DISCO"
"Liver","GSE192742","GSM5764383",4539,"DISCO"
"Liver","GSE192742","GSM5764384",8512,"DISCO"
"Liver","GSE192742","GSM5764385",12726,"DISCO"
"Liver","GSE192742","GSM5764386",2921,"DISCO"
"Liver","GSE192742","GSM5764387",6498,"DISCO"
"Liver","GSE192742","GSM5764388",2966,"DISCO"
"Liver","GSE192742","GSM5764389",3754,"DISCO"
"Liver","GSE192742","GSM5764390",750,"DISCO"
"Liver","GSE192742","GSM5764391",12160,"DISCO"
"Liver","GSE192742","GSM5764392",12369,"DISCO"
"Liver","GSE192742","GSM5764393",1320,"DISCO"
"Liver","GSE200173","GSM6019630_HC1",1663,"DISCO"
"Liver","GSE200173","GSM6019630_HC2",1490,"DISCO"
"Liver","GSE200173","GSM6019631_HC3",1266,"DISCO"
"Liver","GSE200173","GSM6019631_HC4",811,"DISCO"
"Liver","GSE237622","GSM7634882",2511,"DISCO"
"Liver","GSE237622","GSM7634883",1003,"DISCO"
"Lung","E-MTAB-8221","ERX4029225",113,"DISCO"
"Lung","E-MTAB-8221","ERX4029226",145,"DISCO"
"Lung","E-MTAB-8221","ERX4029230",182,"DISCO"
"Lung","E-MTAB-8221","ERX4029231",1359,"DISCO"
"Lung","E-MTAB-8221","ERX4029232",161,"DISCO"
"Lung","E-MTAB-8221","ERX4029233",604,"DISCO"
"Lung","E-MTAB-8221","ERX4029234",1379,"DISCO"
"Lung","E-MTAB-8221","ERX4029235",2340,"DISCO"
"Lung","GSE121080","GSM3425686",2233,"DISCO"
"Lung","GSE121080","GSM3425687",1419,"DISCO"
"Lung","GSE121080","GSM3425692",4379,"DISCO"
"Lung","GSE121080","GSM3425693",2431,"DISCO"
"Lung","GSE133747","GSM3926545",1167,"DISCO"
"Lung","GSE133747","GSM3926546",1734,"DISCO"
"Lung","GSE149563","GSM4504966",612,"DISCO"
"Lung","GSE149563","GSM4504967",574,"DISCO"
"Lung","GSE157376","GSM4763859",75,"DISCO"
"Lung","GSE159354","GSM4827167",1228,"DISCO"
"Lung","GSE159354","GSM4827184",859,"DISCO"
"Lung","GSE159354","GSM4827185",526,"DISCO"
"Lung","GSE159354","GSM4827199",735,"DISCO"
"Lung","GSE159354","GSM4827200",937,"DISCO"
"Lung","GSE160794","GSM4879379",6100,"DISCO"
"Lung","GSE164829","GSM5020384",53,"DISCO"
"Lung","GSE167232","GSM5100069",5168,"DISCO"
"Lung","GSE167232","GSM5100070",4303,"DISCO"
"Lung","GSE173896","GSM5282544",3459,"DISCO"
"Lung","GSE173896","GSM5282545",4116,"DISCO"
"Lung","GSE173896","GSM5282546",2188,"DISCO"
"Lung","GSE173896","GSM5282547",2101,"DISCO"
"Lung","GSE173896","GSM5282548",2532,"DISCO"
"Ovary","E-MTAB-10551","ERX9230795",54,"DISCO"
"Ovary","E-MTAB-10551","ERX9230809",129,"DISCO"
"Ovary","E-MTAB-10551","ERX9230812",102,"DISCO"
"Ovary","GSE143381","GSM4257927",57,"DISCO"
"Ovary","GSE143381","GSM4257928",111,"DISCO"
"Ovary","GSE143381","GSM4257929",96,"DISCO"
"Ovary","GSE143381","GSM4257930",156,"DISCO"
"Ovary","GSE184880","GSM5599220",924,"DISCO"
"Ovary","GSE184880","GSM5599221",821,"DISCO"
"Ovary","GSE184880","GSM5599222",2061,"DISCO"
"Ovary","GSE184880","GSM5599223",573,"DISCO"
"Ovary","GSE184880","GSM5599224",1425,"DISCO"
"Pancreas","CRA001160","CRX030786",709,"DISCO"
"Pancreas","CRA001160","CRX030787",666,"DISCO"
"Pancreas","CRA001160","CRX030788",185,"DISCO"
"Pancreas","CRA001160","CRX030789",57,"DISCO"
"Pancreas","CRA001160","CRX030791",131,"DISCO"
"Pancreas","CRA001160","CRX030792",432,"DISCO"
"Pancreas","CRA001160","CRX030793",658,"DISCO"
"Pancreas","CRA001160","CRX030794",733,"DISCO"
"Pancreas","CRA001160","CRX030795",99,"DISCO"
"Pancreas","CRA001160","CRX030796",269,"DISCO"
"Pancreas","GSE148073","GSM4453619",67,"DISCO"
"Pancreas","GSE150724","GSM4557281",697,"DISCO"
"Pancreas","GSE150724","GSM4557283",395,"DISCO"
"Pancreas","GSE153834","GSM4655139",341,"DISCO"
"Pancreas","GSE202494","GSM6123249",55,"DISCO"
"Pancreas","GSE217837","GSM6727389",272,"DISCO"
"Pancreas","GSE217837","GSM6727391",105,"DISCO"
"Pancreas","GSE221156","GSM6846489",102,"DISCO"
"Pancreas","GSE221156","GSM6846494",68,"DISCO"
"Pancreas","GSE221156","GSM6846502",53,"DISCO"
"Pancreas","GSE221156","GSM6846510",75,"DISCO"
"Pancreas","GSE221156","GSM6846527",86,"DISCO"
"Pancreas","GSE221156","GSM6846534",136,"DISCO"
"Skin","GSE128066","GSM3667328",168,"DISCO"
"Skin","GSE132802","GSM3892579",357,"DISCO"
"Skin","GSE132802","GSM3892580",882,"DISCO"
"Skin","GSE132802","GSM3892582",4539,"DISCO"
"Skin","GSE147424","GSM4430462",338,"DISCO"
"Skin","GSE147424","GSM4430467",460,"DISCO"
"Skin","GSE158924","GSM4815804",2328,"DISCO"
"Skin","GSE159929","GSM4850587",242,"DISCO"
"Skin","GSE163973","GSM4994382",442,"DISCO"
"Skin","GSE163973","GSM4994383",198,"DISCO"
"Skin","GSE163973","GSM4994384",127,"DISCO"
"Skin","GSE173252","GSM5264342",344,"DISCO"
"Skin","GSE173252","GSM5264343",452,"DISCO"
"Skin","GSE173252","GSM5264345",238,"DISCO"
"Stomach","GSE134520","GSM3954947",187,"DISCO"
"Stomach","GSE134520","GSM3954948",53,"DISCO"
"Stomach","GSE159929","GSM4850590",4367,"DISCO"
"Bowel","E-MTAB-11536","582C_JEJLP",409,"Domínguez_2022"
"Bowel","E-MTAB-11536","640C_JEJLP",6289,"Domínguez_2022"
"Bowel","E-MTAB-11536","A29_CAE",268,"Domínguez_2022"
"Bowel","E-MTAB-11536","A29_ILE",346,"Domínguez_2022"
"Bowel","E-MTAB-11536","A29_SCL",133,"Domínguez_2022"
"Bowel","E-MTAB-11536","A29_TCL",262,"Domínguez_2022"
"Bowel","E-MTAB-11536","A31_CAE",71,"Domínguez_2022"
"Bowel","E-MTAB-11536","A31_DUO",735,"Domínguez_2022"
"Bowel","E-MTAB-11536","A35_CAE",84,"Domínguez_2022"
"Bowel","E-MTAB-11536","A35_ILE",110,"Domínguez_2022"
"Bowel","E-MTAB-11536","A37_ILE",357,"Domínguez_2022"
"Bowel","E-MTAB-11536","D496_JEJLP",6973,"Domínguez_2022"
"Bowel","E-MTAB-11536","D503_JEJLP",9969,"Domínguez_2022"
"Lung","E-MTAB-11536","637C_LNG",82,"Domínguez_2022"
"Lung","E-MTAB-11536","640C_LNG",197,"Domínguez_2022"
"Lung","E-MTAB-11536","A29_LNG",3201,"Domínguez_2022"
"Lung","E-MTAB-11536","A31_LNG",1257,"Domínguez_2022"
"Lung","E-MTAB-11536","A36_LNG",2428,"Domínguez_2022"
"Lung","E-MTAB-11536","A37_LNG",170,"Domínguez_2022"
"Lung","E-MTAB-11536","A52_LNG",663,"Domínguez_2022"
"Lung","E-MTAB-11536","D496_LNG",18392,"Domínguez_2022"
"Lung","E-MTAB-11536","D503_LNG",8978,"Domínguez_2022"
"Breast","GSE235326","P01",278,"HBCA"
"Breast","GSE235326","P02",796,"HBCA"
"Breast","GSE235326","P03",475,"HBCA"
"Breast","GSE235326","P04",304,"HBCA"
"Breast","GSE235326","P05",346,"HBCA"
"Breast","GSE235326","P06",577,"HBCA"
"Breast","GSE235326","P07",322,"HBCA"
"Breast","GSE235326","P08",440,"HBCA"
"Breast","GSE235326","P09",2242,"HBCA"
"Breast","GSE235326","P10",529,"HBCA"
"Breast","GSE235326","P11",931,"HBCA"
"Breast","GSE235326","P12",153,"HBCA"
"Breast","GSE235326","P13",398,"HBCA"
"Breast","GSE235326","P16",69,"HBCA"
"Breast","GSE235326","P17",71,"HBCA"
"Breast","GSE235326","P20",3805,"HBCA"
"Breast","GSE235326","P21",136,"HBCA"
"Breast","GSE235326","P22",274,"HBCA"
"Breast","GSE235326","P23",1291,"HBCA"
"Breast","GSE235326","P24",2706,"HBCA"
"Breast","GSE235326","P25",338,"HBCA"
"Breast","GSE235326","P26",102,"HBCA"
"Breast","GSE235326","P28",837,"HBCA"
"Breast","GSE235326","P29",139,"HBCA"
"Breast","GSE235326","P30",69,"HBCA"
"Breast","GSE235326","P31",185,"HBCA"
"Breast","GSE235326","P32",822,"HBCA"
"Breast","GSE235326","P33",316,"HBCA"
"Breast","GSE235326","P34",867,"HBCA"
"Breast","GSE235326","P35",1186,"HBCA"
"Breast","GSE235326","P36",530,"HBCA"
"Breast","GSE235326","P37",988,"HBCA"
"Breast","GSE235326","P38",1315,"HBCA"
"Breast","GSE235326","P39",839,"HBCA"
"Breast","GSE235326","P40",1670,"HBCA"
"Breast","GSE235326","P41",1069,"HBCA"
"Breast","GSE235326","P42",600,"HBCA"
"Breast","GSE235326","P43",2780,"HBCA"
"Breast","GSE235326","P44",263,"HBCA"
"Breast","GSE235326","P45",102,"HBCA"
"Breast","GSE235326","P46",2727,"HBCA"
"Breast","GSE235326","P47",1246,"HBCA"
"Breast","GSE235326","P48",2726,"HBCA"
"Breast","GSE235326","P49",3933,"HBCA"
"Breast","GSE235326","P50",2407,"HBCA"
"Breast","GSE235326","P51",2923,"HBCA"
"Breast","GSE235326","P52",1899,"HBCA"
"Breast","GSE235326","P53",1722,"HBCA"
"Breast","GSE235326","P54",1558,"HBCA"
"Breast","GSE235326","P55",1161,"HBCA"
"Breast","GSE235326","P56",796,"HBCA"
"Breast","GSE235326","P57",1930,"HBCA"
"Breast","GSE235326","P58",941,"HBCA"
"Breast","GSE235326","P59",1742,"HBCA"
"Breast","GSE235326","P60",562,"HBCA"
"Breast","GSE235326","P61",1127,"HBCA"
"Breast","GSE235326","P62",633,"HBCA"
"Breast","GSE235326","P63",1584,"HBCA"
"Breast","GSE235326","P64",959,"HBCA"
"Breast","GSE235326","P65",829,"HBCA"
"Breast","GSE235326","P66",836,"HBCA"
"Breast","GSE235326","P67",160,"HBCA"
"Breast","GSE235326","P68",971,"HBCA"
"Breast","GSE235326","P69",459,"HBCA"
"Breast","GSE235326","P70",732,"HBCA"
"Breast","GSE235326","P71",632,"HBCA"
"Breast","GSE235326","P72",572,"HBCA"
"Breast","GSE235326","P73",303,"HBCA"
"Breast","GSE235326","P74",1335,"HBCA"
"Breast","GSE235326","P75",1135,"HBCA"
"Breast","GSE235326","P76",750,"HBCA"
"Breast","GSE235326","P77",1487,"HBCA"
"Breast","GSE235326","P78",1292,"HBCA"
"Breast","GSE235326","P79",931,"HBCA"
"Breast","GSE235326","P80",850,"HBCA"
"Breast","GSE235326","P81",456,"HBCA"
"Breast","GSE235326","P82",1732,"HBCA"
"Breast","GSE235326","P83",637,"HBCA"
"Breast","GSE235326","P84",463,"HBCA"
"Breast","GSE235326","P85",815,"HBCA"
"Breast","GSE235326","P86",1310,"HBCA"
"Breast","GSE235326","P87",733,"HBCA"
"Breast","GSE235326","P88",1314,"HBCA"
"Breast","GSE235326","P89",1235,"HBCA"
"Breast","GSE235326","P90",480,"HBCA"
"Breast","GSE235326","P91",495,"HBCA"
"Breast","GSE235326","P92",1039,"HBCA"
"Breast","GSE235326","P93",589,"HBCA"
"Breast","GSE235326","P94",231,"HBCA"
"Breast","GSE235326","P95",1018,"HBCA"
"Breast","GSE235326","P96",1514,"HBCA"
"Breast","GSE235326","P97",897,"HBCA"
"Breast","GSE235326","P98",993,"HBCA"
"Breast","GSE235326","P99",498,"HBCA"
"Breast","GSE235326","P100",640,"HBCA"
"Breast","GSE235326","P101",1155,"HBCA"
"Breast","GSE235326","P102",987,"HBCA"
"Breast","GSE235326","P103",1320,"HBCA"
"Breast","GSE235326","P104",918,"HBCA"
"Breast","GSE235326","P105",1014,"HBCA"
"Breast","GSE235326","P106",839,"HBCA"
"Breast","GSE235326","P107",439,"HBCA"
"Breast","GSE235326","P108",812,"HBCA"
"Breast","GSE235326","P109",844,"HBCA"
"Breast","GSE235326","P110",739,"HBCA"
"Breast","GSE235326","P111",600,"HBCA"
"Breast","GSE235326","P112",870,"HBCA"
"Breast","GSE235326","P113",1656,"HBCA"
"Breast","GSE235326","P114",802,"HBCA"
"Breast","GSE235326","P115",1734,"HBCA"
"Breast","GSE235326","P116",1273,"HBCA"
"Breast","GSE235326","P117",380,"HBCA"
"Breast","GSE235326","P118",573,"HBCA"
"Breast","GSE235326","P119",409,"HBCA"
"Breast","GSE235326","P120",643,"HBCA"
"Breast","GSE235326","P121",883,"HBCA"
"Breast","GSE235326","P122",1771,"HBCA"
"Breast","GSE235326","P123",731,"HBCA"
"Breast","GSE235326","P124",2586,"HBCA"
"Breast","GSE235326","P125",1202,"HBCA"
"Breast","GSE235326","P126",392,"HBCA"
"Lung","GSE227136","THD0001",804,"Natri_2024"
"Lung","GSE227136","THD0002",1117,"Natri_2024"
"Lung","GSE227136","THD0005",2500,"Natri_2024"
"Lung","GSE227136","THD0006",954,"Natri_2024"
"Lung","GSE227136","THD0007",3017,"Natri_2024"
"Lung","GSE227136","THD0008",1696,"Natri_2024"
"Lung","GSE227136","THD0009",932,"Natri_2024"
"Lung","GSE227136","THD0010",262,"Natri_2024"
"Lung","GSE227136","THD0012",448,"Natri_2024"
"Lung","GSE227136","THD0014",489,"Natri_2024"
"Lung","GSE227136","THD0015",1193,"Natri_2024"
"Lung","GSE227136","THD0016",282,"Natri_2024"
"Lung","GSE227136","THD0017",352,"Natri_2024"
"Lung","GSE227136","THD0019",1385,"Natri_2024"
"Lung","GSE227136","THD0020",398,"Natri_2024"
"Lung","GSE227136","THD0021",3823,"Natri_2024"
"Lung","GSE227136","THD0022",1863,"Natri_2024"
"Lung","GSE227136","THD0023",959,"Natri_2024"
"Lung","GSE227136","THD0026",535,"Natri_2024"
"Lung","GSE227136","VUHD071",1897,"Natri_2024"
"Lung","GSE227136","VUHD072",252,"Natri_2024"
"Lung","GSE227136","VUHD073",148,"Natri_2024"
"Lung","GSE227136","VUHD077",91,"Natri_2024"
"Lung","GSE227136","VUHD078",179,"Natri_2024"
"Lung","GSE227136","VUHD080",285,"Natri_2024"
"Lung","GSE227136","VUHD101 (We wrote VUHD103 on day of processing)",1796,"Natri_2024"
"Lung","GSE227136","VUHD103",1514,"Natri_2024"
"Lung","GSE227136","VUHD104",805,"Natri_2024"
"Lung","GSE227136","VUHD106",171,"Natri_2024"
"Lung","GSE227136","VUHD107",183,"Natri_2024"
"Lung","GSE227136","VUHD108",2166,"Natri_2024"
"Lung","GSE227136","VUHD109",2096,"Natri_2024"
"Lung","GSE227136","VUHD111",1835,"Natri_2024"
"Lung","GSE227136","VUHD112",945,"Natri_2024"
"Lung","GSE227136","VUHD113",2561,"Natri_2024"
"Lung","GSE227136","VUHD114",560,"Natri_2024"
"Lung","GSE227136","VUHD115",1400,"Natri_2024"
"Lung","GSE227136","VUHD117",1026,"Natri_2024"
"Lung","GSE227136","VUHD65",1022,"Natri_2024"
"Lung","GSE227136","VUHD66",683,"Natri_2024"
"Lung","GSE227136","VUHD67",5074,"Natri_2024"
"Lung","GSE227136","VUHD68",4817,"Natri_2024"
"Lung","GSE227136","VUHD69",652,"Natri_2024"
"Lung","GSE227136","VUHD70",625,"Natri_2024"
"Lung","GSE227136","VUHD84",928,"Natri_2024"
"Lung","GSE227136","VUHD85",242,"Natri_2024"
"Lung","GSE227136","VUHD92",731,"Natri_2024"
"Lung","GSE227136","VUHD94",1113,"Natri_2024"
"Lung","GSE227136","VUHD95",1223,"Natri_2024"
"Lung","GSE227136","VUHD98",881,"Natri_2024"
"Kidney","GSE211785","HK1585.SC",1497,"Abedini_2024"
"Kidney","GSE211785","HK1588.SC",3251,"Abedini_2024"
"Kidney","GSE211785","HK1664",3842,"Abedini_2024"
"Kidney","GSE211785","HK1997.SC",8137,"Abedini_2024"
"Kidney","GSE211785","HK2431.ATAC",343,"Abedini_2024"
"Kidney","GSE211785","HK2450",178,"Abedini_2024"
"Kidney","GSE211785","HK2451",293,"Abedini_2024"
"Kidney","GSE211785","HK2479",57,"Abedini_2024"
"Kidney","GSE211785","HK2480",117,"Abedini_2024"
"Kidney","GSE211785","HK2662.SC",220,"Abedini_2024"
"Kidney","GSE211785","HK2713.SC",78,"Abedini_2024"
"Kidney","GSE211785","HK2833.SC",163,"Abedini_2024"
"Kidney","GSE211785","HK2833.SN",666,"Abedini_2024"
"Kidney","GSE211785","HK2867",342,"Abedini_2024"
"Kidney","GSE211785","HK2867.SC",541,"Abedini_2024"
"Kidney","GSE211785","HK2867.SN",134,"Abedini_2024"
"Kidney","GSE211785","HK2893",227,"Abedini_2024"
"Kidney","GSE211785","HK2893.SC",456,"Abedini_2024"
"Kidney","GSE211785","HK2893.SN",249,"Abedini_2024"
"Kidney","GSE211785","HK2895.SC",410,"Abedini_2024"
"Kidney","GSE211785","HK2895.SN",467,"Abedini_2024"
"Kidney","GSE211785","HK2896.SC",358,"Abedini_2024"
"Kidney","GSE211785","HK2898.SN",308,"Abedini_2024"
"Kidney","GSE211785","HK2899.SN",84,"Abedini_2024"
"Kidney","GSE211785","HK2923.SC",342,"Abedini_2024"
"Kidney","GSE211785","HK2924.SC",684,"Abedini_2024"
"Bowel","SCP259","N10",7824,"Smillie_2019"
"Bowel","SCP259","N11",1264,"Smillie_2019"
"Bowel","SCP259","N13",2938,"Smillie_2019"
"Bowel","SCP259","N15",3832,"Smillie_2019"
"Bowel","SCP259","N16",1960,"Smillie_2019"
"Bowel","SCP259","N17",3101,"Smillie_2019"
"Bowel","SCP259","N18",3721,"Smillie_2019"
"Bowel","SCP259","N20",6243,"Smillie_2019"
"Bowel","SCP259","N21",2386,"Smillie_2019"
"Bowel","SCP259","N46",6075,"Smillie_2019"
"Bowel","SCP259","N51",11266,"Smillie_2019"
"Bowel","SCP259","N8",762,"Smillie_2019"
"Skin","E-MTAB-13085","body_soleboldo",3260,"Ganier_2024"
"Skin","E-MTAB-13085","body_tabib",775,"Ganier_2024"
"Skin","E-MTAB-13085","face_cheek1",4345,"Ganier_2024"
"Skin","E-MTAB-13085","face_cheek2",735,"Ganier_2024"
"Skin","E-MTAB-13085","face_cheek3b",2821,"Ganier_2024"
"Skin","E-MTAB-13085","face_cheek4",7284,"Ganier_2024"
"Skin","E-MTAB-13085","face_ear1",5189,"Ganier_2024"
"Skin","E-MTAB-13085","face_ear2",854,"Ganier_2024"
"Skin","E-MTAB-13085","face_forehead1",6873,"Ganier_2024"
"Skin","E-MTAB-13085","face_forehead2",1259,"Ganier_2024"
"Skin","E-MTAB-13085","face_forehead3",5092,"Ganier_2024"
"Skin","E-MTAB-13085","face_forehead4",5084,"Ganier_2024"
"Skin","E-MTAB-13085","face_forehead5",5218,"Ganier_2024"
"Skin","E-MTAB-13085","face_nose1",4597,"Ganier_2024"
"Skin","E-MTAB-13085","face_temple1",2099,"Ganier_2024"
"Skin","E-MTAB-13085","face_temple2",870,"Ganier_2024"
"Uterus","GSE179640","C01",458,"Tan_2022"
"Uterus","GSE179640","C02",1069,"Tan_2022"
"Uterus","GSE179640","C03",1484,"Tan_2022"
"Head_and_Neck","GSE162864","Control_Pool_1_1",252,"Winkley_2021"
"Head_and_Neck","GSE162864","Control_Pool_1_2",254,"Winkley_2021"
"Head_and_Neck","GSE162864","Control_Pool_1_3",220,"Winkley_2021"
"Head_and_Neck","GSE162864","Control_Pool_1_4",165,"Winkley_2021"
"Head_and_Neck","GSE162864","Control_Pool_2_1",606,"Winkley_2021"
"Head_and_Neck","GSE162864","Control_Pool_2_2",590,"Winkley_2021"
"Head_and_Neck","GSE162864","Control_Pool_2_3",658,"Winkley_2021"
"Head_and_Neck","GSE162864","Control_Pool_2_4",602,"Winkley_2021"
"Head_and_Neck","GSE162864","Control_Pool_3_1",392,"Winkley_2021"
"Head_and_Neck","GSE162864","Control_Pool_3_2",427,"Winkley_2021"
"Head_and_Neck","GSE162864","Control_Pool_4_1",279,"Winkley_2021"
"Head_and_Neck","GSE162864","Control_Pool_4_2",315,"Winkley_2021"
"Head_and_Neck","GSE162864","Control_Pool_4_3",293,"Winkley_2021"
"Head_and_Neck","GSE162864","Control_Pool_4_4",266,"Winkley_2021"
"Head_and_Neck","GSE162864","Control_Pool_5_1",88,"Winkley_2021"
"Head_and_Neck","GSE162864","Control_Pool_5_2",70,"Winkley_2021"
"Head_and_Neck","GSE162864","Control_Pool_5_3",79,"Winkley_2021"
"Head_and_Neck","GSE162864","Control_Pool_5_4",73,"Winkley_2021"
"Head_and_Neck","GSE162864","Control_Pool_6_2",54,"Winkley_2021"
"Prostate","GSE117403","D27",69,"Henry_2018"
"Prostate","GSE117403","D35",133,"Henry_2018"
"Ovary","GSE118127","pat0",93,"Fan_2019"
"Ovary","GSE118127","pat3",165,"Fan_2019"
"Ovary","GSE118127","pat7",383,"Fan_2019"
"Ovary","GSE118127","pat9",559,"Fan_2019"
"Pleura","GSE243446","Patient 1",574,"Obacz_2024"
"Pleura","GSE243446","Patient 2",546,"Obacz_2024"
"Pleura","GSE243446","Patient 3",2264,"Obacz_2024"
"Pleura","GSE243446","Patient 4",253,"Obacz_2024"
"Pleura","GSE243446","Patient 5",2151,"Obacz_2024"
"Pleura","GSE243446","Patient 6",1173,"Obacz_2024"
"Pleura","GSE243446","Patient 7",1549,"Obacz_2024"
"Pleura","GSE243446","Patient 8",446,"Obacz_2024"
"Esophagus","EGAD00001010074","Patient01",163,"Nowicki-Osuch_2023"
"Esophagus","EGAD00001010074","Patient02",65,"Nowicki-Osuch_2023"
"Esophagus","EGAD00001010074","Patient06",181,"Nowicki-Osuch_2023"
"Esophagus","EGAD00001010074","Patient08",75,"Nowicki-Osuch_2023"
"Esophagus","EGAD00001010074","Patient09",74,"Nowicki-Osuch_2023"
"Esophagus","EGAD00001010074","Patient10",339,"Nowicki-Osuch_2023"
"Esophagus","EGAD00001010074","Patient11",798,"Nowicki-Osuch_2023"
"Esophagus","EGAD00001010074","Patient13",295,"Nowicki-Osuch_2023"
"Esophagus","EGAD00001010074","Patient15",82,"Nowicki-Osuch_2023"
"Stomach","EGAD00001010074","Patient07",134,"Nowicki-Osuch_2023"
"Stomach","EGAD00001010074","Patient13",52,"Nowicki-Osuch_2023"
"Stomach","EGAD00001010074","Patient14",1598,"Nowicki-Osuch_2023"
"Stomach","EGAD00001010074","Patient15",329,"Nowicki-Osuch_2023"
"Stomach","EGAD00001010074","Patient16",164,"Nowicki-Osuch_2023"
"Stomach","EGAD00001010074","Patient17",447,"Nowicki-Osuch_2023"
"Stomach","EGAD00001010074","Patient21",351,"Nowicki-Osuch_2023"
"Stomach","EGAD00001010074","Patient22",150,"Nowicki-Osuch_2023"
"Stomach","GSE183904","NGCII512",1431,"Kumar_2022"
"Stomach","GSE183904","NGCII513",960,"Kumar_2022"
"Stomach","GSE183904","NGCII514",965,"Kumar_2022"
"Stomach","GSE183904","NGCII518",1541,"Kumar_2022"
"Stomach","GSE183904","NGCII520",1161,"Kumar_2022"
"Stomach","GSE183904","NGCII521",1444,"Kumar_2022"
"Stomach","GSE183904","NGCII525",1267,"Kumar_2022"
"Stomach","GSE183904","NGCII527",589,"Kumar_2022"
"Stomach","GSE183904","NGCII536",1059,"Kumar_2022"
"Stomach","GSE183904","NGCII538",5622,"Kumar_2022"
"Stomach","phs001818.v1.p1","P5846",715,"Sathe_2020"
"Stomach","phs001818.v1.p1","P5866",2681,"Sathe_2020"
"Stomach","phs001818.v1.p1","P5931",819,"Sathe_2020"
"Stomach","phs001818.v1.p1","P6207",874,"Sathe_2020"
"Stomach","phs001818.v1.p1","P6342",243,"Sathe_2020"
"Stomach","phs001818.v1.p1","P6592",483,"Sathe_2020"
"Stomach","phs001818.v1.p1","P6649",224,"Sathe_2020"
"Stomach","phs001818.v1.p1","P6709",2107,"Sathe_2020"
"Head_and_Neck","GSE164241","B2",118,"Williams_2021"
"Head_and_Neck","GSE164241","B3",516,"Williams_2021"
"Head_and_Neck","GSE164241","B4",2288,"Williams_2021"
"Head_and_Neck","GSE164241","B5",1212,"Williams_2021"
"Head_and_Neck","GSE164241","B6",436,"Williams_2021"
"Head_and_Neck","GSE164241","B7",1126,"Williams_2021"
"Head_and_Neck","GSE164241","B8",361,"Williams_2021"
"Head_and_Neck","GSE164241","G1",531,"Williams_2021"
"Head_and_Neck","GSE164241","G10",862,"Williams_2021"
"Head_and_Neck","GSE164241","G11",1389,"Williams_2021"
"Head_and_Neck","GSE164241","G12",3052,"Williams_2021"
"Head_and_Neck","GSE164241","G13",983,"Williams_2021"
"Head_and_Neck","GSE164241","G2",511,"Williams_2021"
"Head_and_Neck","GSE164241","G3",405,"Williams_2021"
"Head_and_Neck","GSE164241","G5",939,"Williams_2021"
"Head_and_Neck","GSE164241","G7",1111,"Williams_2021"
"Head_and_Neck","GSE164241","G8",389,"Williams_2021"
"Head_and_Neck","GSE164241","G9",3040,"Williams_2021"
"Head_and_Neck","GSE217720","HP1",122,"Ko_2023"
"Head_and_Neck","GSE217720","HP2",2039,"Ko_2023"
"Head_and_Neck","Huang_2021","G16",1156,"Huang_2021"
"Head_and_Neck","Huang_2021","G17",902,"Huang_2021"
"Head_and_Neck","Huang_2021","G18",758,"Huang_2021"
"Head_and_Neck","Huang_2021","G19",133,"Huang_2021"
"Head_and_Neck","Warner","L2",63,"Fernandes_2024"
"Head_and_Neck","Warner","L3",103,"Fernandes_2024"
"Head_and_Neck","Warner","L4",106,"Fernandes_2024"
"Head_and_Neck","Warner","L5",222,"Fernandes_2024"
"Head_and_Neck","Kretzschmar","SP1",136,"Fernandes_2024"
"Head_and_Neck","GSE152042","G14",260,"Caetano_2021"
"Head_and_Neck","GSE152042","G15",613,"Caetano_2021"
"Thyroid","GSE182416","N3-GEX",3228,"Hong_2023"
"Thyroid","GSE182416","Thy01",3002,"Hong_2023"
"Thyroid","GSE182416","Thy04",706,"Hong_2023"
"Thyroid","GSE182416","Thy05",4450,"Hong_2023"
"Thyroid","GSE182416","Thy06",1000,"Hong_2023"
"Thyroid","GSE182416","Thy10",3009,"Hong_2023"
"Thyroid","GSE182416","Thy15",2356,"Hong_2023"
